{
  "service": {
    "service": "CryptomCommunity-PreFlight",
    "serviceObject": {
      "name": "CryptomCommunity-PreFlight"
    },
    "provider": {
      "name": "aws",
      "runtime": "nodejs14.x",
      "region": "us-west-2",
      "stage": "dev",
      "versionFunctions": true,
      "compiledCloudFormationTemplate": {
        "AWSTemplateFormatVersion": "2010-09-09",
        "Description": "The AWS CloudFormation template for this Serverless application",
        "Resources": {
          "ServerlessDeploymentBucket": {
            "Type": "AWS::S3::Bucket",
            "Properties": {
              "BucketEncryption": {
                "ServerSideEncryptionConfiguration": [
                  {
                    "ServerSideEncryptionByDefault": {
                      "SSEAlgorithm": "AES256"
                    }
                  }
                ]
              }
            }
          },
          "ServerlessDeploymentBucketPolicy": {
            "Type": "AWS::S3::BucketPolicy",
            "Properties": {
              "Bucket": {
                "Ref": "ServerlessDeploymentBucket"
              },
              "PolicyDocument": {
                "Statement": [
                  {
                    "Action": "s3:*",
                    "Effect": "Deny",
                    "Principal": "*",
                    "Resource": [
                      {
                        "Fn::Join": [
                          "",
                          [
                            "arn:",
                            {
                              "Ref": "AWS::Partition"
                            },
                            ":s3:::",
                            {
                              "Ref": "ServerlessDeploymentBucket"
                            },
                            "/*"
                          ]
                        ]
                      },
                      {
                        "Fn::Join": [
                          "",
                          [
                            "arn:",
                            {
                              "Ref": "AWS::Partition"
                            },
                            ":s3:::",
                            {
                              "Ref": "ServerlessDeploymentBucket"
                            }
                          ]
                        ]
                      }
                    ],
                    "Condition": {
                      "Bool": {
                        "aws:SecureTransport": false
                      }
                    }
                  }
                ]
              }
            }
          },
          "ReactAppBucket": {
            "Type": "AWS::S3::Bucket",
            "Properties": {
              "BucketName": "cryptocommunity-preflight",
              "AccessControl": "PublicRead",
              "WebsiteConfiguration": {
                "IndexDocument": "App.js",
                "ErrorDocument": "App.js"
              }
            }
          },
          "S3AccessPolicy": {
            "Type": "AWS::S3::BucketPolicy",
            "Properties": {
              "Bucket": {
                "Ref": "ReactAppBucket"
              },
              "PolicyDocument": {
                "Statement": [
                  {
                    "Sid": "PublicReadGetObject",
                    "Effect": "Allow",
                    "Principal": "*",
                    "Action": [
                      "s3:GetObject"
                    ],
                    "Resource": "arn:aws:s3:::cryptocommunity-preflight/*"
                  }
                ]
              }
            }
          },
          "CloudFrontDistribution": {
            "Type": "AWS::CloudFront::Distribution",
            "Properties": {
              "DistributionConfig": {
                "Origins": [
                  {
                    "DomainName": "cryptocommunity-preflight.s3.amazonaws.com",
                    "Id": "ReactApp",
                    "CustomOriginConfig": {
                      "HTTPPort": 80,
                      "HTTPSPort": 443,
                      "OriginProtocolPolicy": "https-only"
                    }
                  }
                ],
                "Enabled": "true",
                "DefaultRootObject": "index.html",
                "CustomErrorResponses": [
                  {
                    "ErrorCode": 404,
                    "ResponseCode": 200,
                    "ResponsePagePath": "/index.html"
                  }
                ],
                "DefaultCacheBehavior": {
                  "AllowedMethods": [
                    "DELETE",
                    "GET",
                    "HEAD",
                    "OPTIONS",
                    "PATCH",
                    "POST",
                    "PUT"
                  ],
                  "TargetOriginId": "ReactApp",
                  "ForwardedValues": {
                    "QueryString": "false",
                    "Cookies": {
                      "Forward": "none"
                    }
                  },
                  "ViewerProtocolPolicy": "redirect-to-https"
                },
                "ViewerCertificate": {
                  "CloudFrontDefaultCertificate": true
                }
              }
            }
          }
        },
        "Outputs": {
          "ServerlessDeploymentBucketName": {
            "Value": {
              "Ref": "ServerlessDeploymentBucket"
            },
            "Export": {
              "Name": "sls-CryptomCommunity-PreFlight-dev-ServerlessDeploymentBucketName"
            }
          }
        }
      },
      "coreCloudFormationTemplate": {
        "AWSTemplateFormatVersion": "2010-09-09",
        "Description": "The AWS CloudFormation template for this Serverless application",
        "Resources": {
          "ServerlessDeploymentBucket": {
            "Type": "AWS::S3::Bucket",
            "Properties": {
              "BucketEncryption": {
                "ServerSideEncryptionConfiguration": [
                  {
                    "ServerSideEncryptionByDefault": {
                      "SSEAlgorithm": "AES256"
                    }
                  }
                ]
              }
            }
          },
          "ServerlessDeploymentBucketPolicy": {
            "Type": "AWS::S3::BucketPolicy",
            "Properties": {
              "Bucket": {
                "Ref": "ServerlessDeploymentBucket"
              },
              "PolicyDocument": {
                "Statement": [
                  {
                    "Action": "s3:*",
                    "Effect": "Deny",
                    "Principal": "*",
                    "Resource": [
                      {
                        "Fn::Join": [
                          "",
                          [
                            "arn:",
                            {
                              "Ref": "AWS::Partition"
                            },
                            ":s3:::",
                            {
                              "Ref": "ServerlessDeploymentBucket"
                            },
                            "/*"
                          ]
                        ]
                      },
                      {
                        "Fn::Join": [
                          "",
                          [
                            "arn:",
                            {
                              "Ref": "AWS::Partition"
                            },
                            ":s3:::",
                            {
                              "Ref": "ServerlessDeploymentBucket"
                            }
                          ]
                        ]
                      }
                    ],
                    "Condition": {
                      "Bool": {
                        "aws:SecureTransport": false
                      }
                    }
                  }
                ]
              }
            }
          }
        },
        "Outputs": {
          "ServerlessDeploymentBucketName": {
            "Value": {
              "Ref": "ServerlessDeploymentBucket"
            }
          }
        }
      }
    },
    "custom": {
      "bucketName": "cryptocommunity-preflight",
      "s3Sync": [
        {
          "bucketName": "cryptocommunity-preflight",
          "localDir": "build"
        }
      ]
    },
    "plugins": [
      "serverless-s3-sync"
    ],
    "pluginsData": {},
    "functions": {},
    "resources": {
      "Resources": {
        "ReactAppBucket": {
          "Type": "AWS::S3::Bucket",
          "Properties": {
            "BucketName": "cryptocommunity-preflight",
            "AccessControl": "PublicRead",
            "WebsiteConfiguration": {
              "IndexDocument": "App.js",
              "ErrorDocument": "App.js"
            }
          }
        },
        "S3AccessPolicy": {
          "Type": "AWS::S3::BucketPolicy",
          "Properties": {
            "Bucket": {
              "Ref": "ReactAppBucket"
            },
            "PolicyDocument": {
              "Statement": [
                {
                  "Sid": "PublicReadGetObject",
                  "Effect": "Allow",
                  "Principal": "*",
                  "Action": [
                    "s3:GetObject"
                  ],
                  "Resource": "arn:aws:s3:::cryptocommunity-preflight/*"
                }
              ]
            }
          }
        },
        "CloudFrontDistribution": {
          "Type": "AWS::CloudFront::Distribution",
          "Properties": {
            "DistributionConfig": {
              "Origins": [
                {
                  "DomainName": "cryptocommunity-preflight.s3.amazonaws.com",
                  "Id": "ReactApp",
                  "CustomOriginConfig": {
                    "HTTPPort": 80,
                    "HTTPSPort": 443,
                    "OriginProtocolPolicy": "https-only"
                  }
                }
              ],
              "Enabled": "true",
              "DefaultRootObject": "index.html",
              "CustomErrorResponses": [
                {
                  "ErrorCode": 404,
                  "ResponseCode": 200,
                  "ResponsePagePath": "/index.html"
                }
              ],
              "DefaultCacheBehavior": {
                "AllowedMethods": [
                  "DELETE",
                  "GET",
                  "HEAD",
                  "OPTIONS",
                  "PATCH",
                  "POST",
                  "PUT"
                ],
                "TargetOriginId": "ReactApp",
                "ForwardedValues": {
                  "QueryString": "false",
                  "Cookies": {
                    "Forward": "none"
                  }
                },
                "ViewerProtocolPolicy": "redirect-to-https"
              },
              "ViewerCertificate": {
                "CloudFrontDefaultCertificate": true
              }
            }
          }
        }
      },
      "Outputs": {}
    },
    "configValidationMode": "warn",
    "serviceFilename": "serverless.yml",
    "initialServerlessConfig": {
      "service": "CryptomCommunity-PreFlight",
      "provider": {
        "$ref": "$[\"service\"][\"provider\"]"
      },
      "plugins": {
        "$ref": "$[\"service\"][\"plugins\"]"
      },
      "custom": {
        "$ref": "$[\"service\"][\"custom\"]"
      },
      "resources": {
        "$ref": "$[\"service\"][\"resources\"]"
      }
    },
    "layers": {},
    "isDashboardMonitoringPreconfigured": false
  },
  "package": {
    "artifactDirectoryName": "serverless/CryptomCommunity-PreFlight/dev/1650745354803-2022-04-23T20:22:34.803Z",
    "artifact": ""
  }
}